"hash","stat_unit"
24298,"72c0b9ce-7aa4-430b-aaff-bd0ce7846e55"
24299,"8b17ff1e-2b24-46a9-83f7-f8a49e82c604"
24300,"da200ea3-c9eb-414b-b22a-86430059fd47"
24301,"f71bb059-3634-47a6-b689-04320a5c4387"
24302,"cad44a83-848c-4019-a175-291a150b9d05"
24303,"fc4aa89c-e441-4c0b-841f-3d16ffe1b235"
24304,"b096000e-3f69-4940-89ce-1230ee9d5a0a"
24305,"12485794-a6c5-466e-b1a5-92e9c0f443e8"
24306,"d5bf8e49-c70c-45df-9675-cf3dff4458d5"
24307,"fdb2a2ee-09c2-499b-b324-d998d5226f19"
24308,"d011ac4d-34e9-4887-a0bf-cf7b8a6f4abb"
24309,"c08e3ee0-69fa-4a66-ad6f-e5905400d046"
24310,"1821a44e-ba5e-4250-aae9-23ec9c0c26f1"
24311,"fcd3f564-67de-4ed5-bd3d-2c39c3338653"
24312,"8e11ec6c-6b5d-42df-a45e-aedb6131ade4"
24313,"63ca741d-130f-4748-b15f-f75075630a73"
24314,"24bca5cf-ba55-457f-8e80-49690202443c"
24315,"0447625b-b860-483c-9f30-17ed375b1493"
24316,"a7fe533e-f2b1-4fcd-90ec-6663ca7919e7"
24317,"46d3a308-7383-47ff-802c-c97bfd727720"
24318,"a254d489-0441-4522-bde6-c59e583bb8f7"
24319,"2335bebd-0843-4322-9585-8ab90f49def3"
24320,"92d23553-700d-488f-83a5-2ba9b9544295"
24321,"52729daa-66a1-42d6-96c0-691a2d89e819"
24322,"5846c531-ad71-4b34-9607-3a1022cddffa"
24323,"447813c0-3e39-4eda-9012-38bb69f026c8"
24324,"f186b9f3-8c70-4bbc-8335-4bb2ccca0a3c"
24325,"7e4e6d32-15cd-4d5f-a4cc-e5c95ab35eb0"
24326,"b271a454-c57e-4566-899a-956e5484c5e1"
24327,"cdede94e-2fa6-4100-9dfe-bbcb85db132f"
24328,"fbb19794-9e58-4232-b7df-dfed61c3341f"
24329,"596843e0-b4a6-456b-8484-ed88f877ea8c"
24330,"252fc319-ec89-43e4-b28c-184e9b5542b4"
24331,"8fdd7aa6-b33c-429e-bcf9-b15fb189ee3c"
24332,"f1c1d986-9e19-40df-b761-799db01c1e57"
24333,"1aa71b23-790e-4d22-92da-c689682c8993"
24334,"dda6a788-814a-48f2-8ebe-bc57e4cefd92"
24335,"96d27517-8187-4346-bfdb-83188cc4bddf"
24336,"8d96aa0f-47c6-418e-9171-d3ff9e92b562"
24337,"3ebabd5c-40e0-44c2-8d9c-470d62889cef"
24338,"5f7f2deb-6627-465c-980a-9b6b4bf381dc"
24339,"ef4b2429-feec-4c00-8c41-a700071957cd"
24340,"9c69f2d5-b7de-4634-84c5-bf3efd551f5e"
24341,"1d4f63d2-ddc0-47bc-b2cc-6f58068a5901"
24342,"2174522f-1d23-47cf-b56c-4ce3193c5bab"
24343,"5bee22a4-3260-4bf7-9666-281fc8f1eeb9"
24344,"e234ae17-7d4d-4d7f-8eb6-38edc1ebebc2"
24345,"795b6813-1f5a-4f4b-9909-3687c1c40aac"
24346,"84114892-a562-4dff-8135-e01c0c8a5cc3"
24347,"a694ecfc-e39e-46dc-876e-029b32ba0135"
24348,"98d08360-e1de-46f4-a01e-0c66c92e5567"
24349,"baf82b89-1f3a-481e-b816-e176db1e2e26"
24350,"ee6551d3-ea6d-498b-8117-b4ff3e5bd85e"
24351,"6f7f9443-cb21-4b03-8cdc-14ab4894c779"
24352,"899a4f9c-abc3-4a13-88e4-0f7862ee6ab5"
24353,"b2023485-94da-4556-8903-8d413bca8cb8"
24354,"7e3becd0-0053-4d2e-b57e-075b874c32a6"
24355,"4054b69b-2082-4ce7-ae96-0c10f7da3020"
24356,"941f66eb-5ca6-45cc-b205-6de1f1a59233"
24357,"78a9a8d6-b3b2-47dc-b4a0-867abec7c78f"
24358,"631107a0-17ac-4d1a-bc95-0089f4ed90f3"
24359,"9b8fdfcd-a8e1-4486-ac68-82cd1e190488"
24360,"5a9c745c-1aae-46fc-8175-8f42b5e4fc5b"
24361,"21a5c5d3-a090-450d-91c1-a9bf3f2902d1"
24362,"f19fb6f8-d186-43d2-b300-431a8357b4c2"
24363,"b50ec6fb-6705-488f-96d1-6c8ea38940b6"
24364,"3dd2dd29-7cd0-48f7-b859-136c6e9d36e0"
24365,"07b30273-070e-47c7-9617-d12785a4c9d5"
24366,"f065dd0d-8cf7-4289-87a1-b296ef64be1b"
24367,"aa98b0ba-42d8-43a5-94b7-9f6106e01946"
24368,"eb17a151-7936-4b4b-a492-8c1ba9d1cc3b"
24369,"0707e55b-e026-4361-aa2b-8e922ae62c5a"
24370,"9841342b-fa85-4526-9036-b138ffa81a2a"
24371,"a0a64d10-5b1e-4e17-953a-efccb0c860da"
24372,"2abf5d21-8d0f-4263-b720-81d9d25f7a70"
24373,"42d200ef-0872-4318-8326-08cd7056b2db"
24374,"9c2bee19-03b6-4338-b9bd-bd73339abcb0"
24375,"3042d51b-e7b8-4135-8b68-fb7a88ced16c"
24376,"b5667894-5282-4265-8a2d-bd933cdbc9ec"
24377,"b16ca449-bc14-4619-a936-07f6f3db7119"
24378,"92709d5b-63d2-4e47-b857-dccb09724ea3"
24379,"bd805583-2b6d-4a3e-a842-d2b3396089d4"
24380,"703e4c46-ded2-4797-97fe-57fedda2825f"
24381,"58100357-85b6-4334-bc2a-8998c24a4812"
24382,"5cb510f1-244d-4f02-a82b-3631e998fad1"
24383,"05ad1c43-ebd3-4d3a-a254-259a4338af87"
24384,"9043026f-7d60-4b65-9c54-8ae48769ea00"
24385,"ebee7497-67ea-4a51-ade2-59d7dfca8fcf"
24386,"46ca94be-368f-4bb7-a7a9-a16679a7ab52"
24387,"f817806f-9256-4e6c-888f-f152e514fbea"
24388,"ed58f761-d10f-442e-89a1-ae35294f0ac0"
24389,"32cd6f76-10ed-47e8-9547-0f6be517d213"
24390,"0047123f-12e7-486c-82df-53b3a450e365"
24391,"59de0d88-e84d-4c2b-8c9b-12167eb03949"
24392,"d441bc22-1d80-4f3f-b801-6fc9d64ac72e"
24393,"eedb8836-d94c-4a70-8491-bea52efc4ce8"
24394,"dcda9f18-59eb-402e-985b-f13c15c2131c"
24395,"83c686df-0a1e-4950-9a2b-c84da98a2652"
24396,"13b9a676-7cfd-4b7c-bdb6-43ec52b7c919"
24397,"d9988dce-ec05-4138-8f04-b0c77473a260"
